"name"	"taxRank"	"taxID"	"Max"	"COR01e.cladeReads"	"COR01u.cladeReads"	"COR02e.cladeReads"	"COR02u.cladeReads"	"COR03e.cladeReads"	"COR03u.cladeReads"	"COR04e.cladeReads"	"COR04u.cladeReads"	"COR05e.cladeReads"	"COR05u.cladeReads"	"Max.1"	"COR01e.taxonReads"	"COR01u.taxonReads"	"COR02e.taxonReads"	"COR02u.taxonReads"	"COR03e.taxonReads"	"COR03u.taxonReads"	"COR04e.taxonReads"	"COR04u.taxonReads"	"COR05e.taxonReads"	"COR05u.taxonReads"	"lineage"
"unclassified"	"U"	0	34861000	8421430	5284430	6662542	9352214	5651455	5445207	14959153	34861418	9657582	14497538	34861000	8421430	5284430	6662542	9352214	5651455	5445207	14959153	34861418	9657582	14497538	"unclassified"
"root"	"-"	1	96071000	82201460	52142799	63129916	96070592	65007346	45376424	46361365	29777648	44311381	48872422	NA	NA	NA	NA	NA	NA	NA	NA	NA	NA	NA	"root"
"cellular organisms"	"-"	131567	96071000	82201460	52142799	63129916	96070592	65007346	45376424	46361365	29777648	44311381	48872422	1956	1956	828	1486	1201	1381	924	772	548	856	820	"root"
"Eukaryota"	"D"	2759	74948000	57165869	47506907	43345763	74947692	55208129	38950290	39603862	25875982	39621479	41626593	947	592	529	455	947	655	446	523	332	481	518	"cellular&nbsp;organisms"
"Opisthokonta"	"-"	33154	74916000	57147019	47489043	43330897	74916012	55185799	38935394	39587068	25864230	39605439	41609757	712	487	598	609	577	712	304	354	257	624	431	"cellular&nbsp;organisms>Eukaryota"
"Metazoa"	"K"	33208	72500000	57076779	43082461	41580620	72499863	52070149	38877977	39030069	24753457	37530274	39623223	NA	NA	NA	NA	NA	NA	NA	NA	NA	NA	NA	"cellular&nbsp;organisms>Eukaryota>Opisthokonta"
"Eumetazoa"	"-"	6072	72500000	57076779	43082461	41580620	72499863	52070149	38877977	39030069	24753457	37530274	39623223	NA	NA	NA	NA	NA	NA	NA	NA	NA	NA	NA	"cellular&nbsp;organisms>Eukaryota>Opisthokonta>Metazoa"
"Bilateria"	"-"	33213	72500000	57076779	43082461	41580620	72499863	52070149	38877977	39030069	24753457	37530274	39623223	NA	NA	NA	NA	NA	NA	NA	NA	NA	NA	NA	"cellular&nbsp;organisms>Eukaryota>Opisthokonta>Metazoa>Eumetazoa"
"Protostomia"	"-"	33317	72500000	57076779	43082461	41580620	72499863	52070149	38877977	39030069	24753457	37530274	39623223	NA	NA	NA	NA	NA	NA	NA	NA	NA	NA	NA	"cellular&nbsp;organisms>Eukaryota>Opisthokonta>Metazoa>Eumetazoa>Bilateria"
"Ecdysozoa"	"-"	1206794	72500000	57076779	43082461	41580620	72499863	52070149	38877977	39030069	24753457	37530274	39623223	NA	NA	NA	NA	NA	NA	NA	NA	NA	NA	NA	"cellular&nbsp;organisms>Eukaryota>Opisthokonta>Metazoa>Eumetazoa>Bilateria>Protostomia"
"Panarthropoda"	"-"	88770	72500000	57076779	43082461	41580620	72499863	52070149	38877977	39030069	24753457	37530274	39623223	NA	NA	NA	NA	NA	NA	NA	NA	NA	NA	NA	"cellular&nbsp;organisms>Eukaryota>Opisthokonta>Metazoa>Eumetazoa>Bilateria>Protostomia>Ecdysozoa"
"Arthropoda"	"P"	6656	72500000	57076779	43082461	41580620	72499863	52070149	38877977	39030069	24753457	37530274	39623223	NA	NA	NA	NA	NA	NA	NA	NA	NA	NA	NA	"cellular&nbsp;organisms>Eukaryota>Opisthokonta>Metazoa>Eumetazoa>Bilateria>Protostomia>Ecdysozoa>Panarthropoda"
"Mandibulata"	"-"	197563	72500000	57076779	43082461	41580620	72499863	52070149	38877977	39030069	24753457	37530274	39623223	NA	NA	NA	NA	NA	NA	NA	NA	NA	NA	NA	"cellular&nbsp;organisms>Eukaryota>Opisthokonta>Metazoa>Eumetazoa>Bilateria>Protostomia>Ecdysozoa>Panarthropoda>Arthropoda"
"Pancrustacea"	"-"	197562	72500000	57076779	43082461	41580620	72499863	52070149	38877977	39030069	24753457	37530274	39623223	NA	NA	NA	NA	NA	NA	NA	NA	NA	NA	NA	"cellular&nbsp;organisms>Eukaryota>Opisthokonta>Metazoa>Eumetazoa>Bilateria>Protostomia>Ecdysozoa>Panarthropoda>Arthropoda>Mandibulata"
"Hexapoda"	"-"	6960	72500000	57076779	43082461	41580620	72499863	52070149	38877977	39030069	24753457	37530274	39623223	NA	NA	NA	NA	NA	NA	NA	NA	NA	NA	NA	"cellular&nbsp;organisms>Eukaryota>Opisthokonta>Metazoa>Eumetazoa>Bilateria>Protostomia>Ecdysozoa>Panarthropoda>Arthropoda>Mandibulata>Pancrustacea"
"Insecta"	"C"	50557	72500000	57076779	43082461	41580620	72499863	52070149	38877977	39030069	24753457	37530274	39623223	NA	NA	NA	NA	NA	NA	NA	NA	NA	NA	NA	"cellular&nbsp;organisms>Eukaryota>Opisthokonta>Metazoa>Eumetazoa>Bilateria>Protostomia>Ecdysozoa>Panarthropoda>Arthropoda>Mandibulata>Pancrustacea>Hexapoda"
"Dicondylia"	"-"	85512	72500000	57076779	43082461	41580620	72499863	52070149	38877977	39030069	24753457	37530274	39623223	NA	NA	NA	NA	NA	NA	NA	NA	NA	NA	NA	"cellular&nbsp;organisms>Eukaryota>Opisthokonta>Metazoa>Eumetazoa>Bilateria>Protostomia>Ecdysozoa>Panarthropoda>Arthropoda>Mandibulata>Pancrustacea>Hexapoda>Insecta"
"Pterygota"	"-"	7496	72500000	57076779	43082461	41580620	72499863	52070149	38877977	39030069	24753457	37530274	39623223	NA	NA	NA	NA	NA	NA	NA	NA	NA	NA	NA	"cellular&nbsp;organisms>Eukaryota>Opisthokonta>Metazoa>Eumetazoa>Bilateria>Protostomia>Ecdysozoa>Panarthropoda>Arthropoda>Mandibulata>Pancrustacea>Hexapoda>Insecta>Dicondylia"
"Neoptera"	"-"	33340	72500000	57076779	43082461	41580620	72499863	52070149	38877977	39030069	24753457	37530274	39623223	NA	NA	NA	NA	NA	NA	NA	NA	NA	NA	NA	"cellular&nbsp;organisms>Eukaryota>Opisthokonta>Metazoa>Eumetazoa>Bilateria>Protostomia>Ecdysozoa>Panarthropoda>Arthropoda>Mandibulata>Pancrustacea>Hexapoda>Insecta>Dicondylia>Pterygota"
"Holometabola"	"-"	33392	72500000	57076779	43082461	41580620	72499863	52070149	38877977	39030069	24753457	37530274	39623223	NA	NA	NA	NA	NA	NA	NA	NA	NA	NA	NA	"cellular&nbsp;organisms>Eukaryota>Opisthokonta>Metazoa>Eumetazoa>Bilateria>Protostomia>Ecdysozoa>Panarthropoda>Arthropoda>Mandibulata>Pancrustacea>Hexapoda>Insecta>Dicondylia>Pterygota>Neoptera"
"Hymenoptera"	"O"	7399	72500000	57076779	43082461	41580620	72499863	52070149	38877977	39030069	24753457	37530274	39623223	NA	NA	NA	NA	NA	NA	NA	NA	NA	NA	NA	"cellular&nbsp;organisms>Eukaryota>Opisthokonta>Metazoa>Eumetazoa>Bilateria>Protostomia>Ecdysozoa>Panarthropoda>Arthropoda>Mandibulata>Pancrustacea>Hexapoda>Insecta>Dicondylia>Pterygota>Neoptera>Holometabola"
"Apocrita"	"-"	7400	72500000	57076779	43082461	41580620	72499863	52070149	38877977	39030069	24753457	37530274	39623223	NA	NA	NA	NA	NA	NA	NA	NA	NA	NA	NA	"cellular&nbsp;organisms>Eukaryota>Opisthokonta>Metazoa>Eumetazoa>Bilateria>Protostomia>Ecdysozoa>Panarthropoda>Arthropoda>Mandibulata>Pancrustacea>Hexapoda>Insecta>Dicondylia>Pterygota>Neoptera>Holometabola>Hymenoptera"
"Aculeata"	"-"	7434	72500000	57076779	43082461	41580620	72499863	52070149	38877977	39030069	24753457	37530274	39623223	NA	NA	NA	NA	NA	NA	NA	NA	NA	NA	NA	"cellular&nbsp;organisms>Eukaryota>Opisthokonta>Metazoa>Eumetazoa>Bilateria>Protostomia>Ecdysozoa>Panarthropoda>Arthropoda>Mandibulata>Pancrustacea>Hexapoda>Insecta>Dicondylia>Pterygota>Neoptera>Holometabola>Hymenoptera>Apocrita"
"Apoidea"	"-"	34735	72500000	57076779	43082461	41580620	72499863	52070149	38877977	39030069	24753457	37530274	39623223	NA	NA	NA	NA	NA	NA	NA	NA	NA	NA	NA	"cellular&nbsp;organisms>Eukaryota>Opisthokonta>Metazoa>Eumetazoa>Bilateria>Protostomia>Ecdysozoa>Panarthropoda>Arthropoda>Mandibulata>Pancrustacea>Hexapoda>Insecta>Dicondylia>Pterygota>Neoptera>Holometabola>Hymenoptera>Apocrita>Aculeata"
"Apidae"	"F"	7458	72500000	57076779	43082461	41580620	72499863	52070149	38877977	39030069	24753457	37530274	39623223	NA	NA	NA	NA	NA	NA	NA	NA	NA	NA	NA	"cellular&nbsp;organisms>Eukaryota>Opisthokonta>Metazoa>Eumetazoa>Bilateria>Protostomia>Ecdysozoa>Panarthropoda>Arthropoda>Mandibulata>Pancrustacea>Hexapoda>Insecta>Dicondylia>Pterygota>Neoptera>Holometabola>Hymenoptera>Apocrita>Aculeata>Apoidea"
"Apinae"	"-"	70987	72500000	57076779	43082461	41580620	72499863	52070149	38877977	39030069	24753457	37530274	39623223	NA	NA	NA	NA	NA	NA	NA	NA	NA	NA	NA	"cellular&nbsp;organisms>Eukaryota>Opisthokonta>Metazoa>Eumetazoa>Bilateria>Protostomia>Ecdysozoa>Panarthropoda>Arthropoda>Mandibulata>Pancrustacea>Hexapoda>Insecta>Dicondylia>Pterygota>Neoptera>Holometabola>Hymenoptera>Apocrita>Aculeata>Apoidea>Apidae"
"Apini"	"-"	83321	72500000	57076779	43082461	41580620	72499863	52070149	38877977	39030069	24753457	37530274	39623223	NA	NA	NA	NA	NA	NA	NA	NA	NA	NA	NA	"cellular&nbsp;organisms>Eukaryota>Opisthokonta>Metazoa>Eumetazoa>Bilateria>Protostomia>Ecdysozoa>Panarthropoda>Arthropoda>Mandibulata>Pancrustacea>Hexapoda>Insecta>Dicondylia>Pterygota>Neoptera>Holometabola>Hymenoptera>Apocrita>Aculeata>Apoidea>Apidae>Apinae"
"Apis"	"G"	7459	72500000	57076779	43082461	41580620	72499863	52070149	38877977	39030069	24753457	37530274	39623223	NA	NA	NA	NA	NA	NA	NA	NA	NA	NA	NA	"cellular&nbsp;organisms>Eukaryota>Opisthokonta>Metazoa>Eumetazoa>Bilateria>Protostomia>Ecdysozoa>Panarthropoda>Arthropoda>Mandibulata>Pancrustacea>Hexapoda>Insecta>Dicondylia>Pterygota>Neoptera>Holometabola>Hymenoptera>Apocrita>Aculeata>Apoidea>Apidae>Apinae>Apini"
"Apis mellifera"	"S"	7460	72500000	57076779	43082461	41580620	72499863	52070149	38877977	39030069	24753457	37530274	39623223	72500000	57076779	43082461	41580620	72499863	52070149	38877977	39030069	24753457	37530274	39623223	"cellular&nbsp;organisms>Eukaryota>Opisthokonta>Metazoa>Eumetazoa>Bilateria>Protostomia>Ecdysozoa>Panarthropoda>Arthropoda>Mandibulata>Pancrustacea>Hexapoda>Insecta>Dicondylia>Pterygota>Neoptera>Holometabola>Hymenoptera>Apocrita>Aculeata>Apoidea>Apidae>Apinae>Apini>Apis"
"Fungi"	"K"	4751	4406000	69753	4405984	1749668	2415572	3114938	57113	556645	1110516	2074541	1986103	226	176	146	116	226	157	96	152	94	149	130	"cellular&nbsp;organisms>Eukaryota>Opisthokonta"
"Dikarya"	"-"	451864	106580	63101	59224	50485	106583	76719	53623	64124	53856	62300	60887	NA	NA	NA	NA	NA	NA	NA	NA	NA	NA	NA	"cellular&nbsp;organisms>Eukaryota>Opisthokonta>Fungi"
"Ascomycota"	"P"	4890	106580	63101	59224	50485	106583	76719	53623	64124	53856	62300	60887	NA	NA	NA	NA	NA	NA	NA	NA	NA	NA	NA	"cellular&nbsp;organisms>Eukaryota>Opisthokonta>Fungi>Dikarya"
"saccharomyceta"	"-"	716545	106580	63101	59224	50485	106583	76719	53623	64124	53856	62300	60887	NA	NA	NA	NA	NA	NA	NA	NA	NA	NA	NA	"cellular&nbsp;organisms>Eukaryota>Opisthokonta>Fungi>Dikarya>Ascomycota"
"Pezizomycotina"	"-"	147538	106580	63101	59224	50485	106583	76719	53623	64124	53856	62300	60887	NA	NA	NA	NA	NA	NA	NA	NA	NA	NA	NA	"cellular&nbsp;organisms>Eukaryota>Opisthokonta>Fungi>Dikarya>Ascomycota>saccharomyceta"
"leotiomyceta"	"-"	716546	106580	63101	59224	50485	106583	76719	53623	64124	53856	62300	60887	NA	NA	NA	NA	NA	NA	NA	NA	NA	NA	NA	"cellular&nbsp;organisms>Eukaryota>Opisthokonta>Fungi>Dikarya>Ascomycota>saccharomyceta>Pezizomycotina"
"Eurotiomycetes"	"C"	147545	106580	63101	59224	50485	106583	76719	53623	64124	53856	62300	60887	NA	NA	NA	NA	NA	NA	NA	NA	NA	NA	NA	"cellular&nbsp;organisms>Eukaryota>Opisthokonta>Fungi>Dikarya>Ascomycota>saccharomyceta>Pezizomycotina>leotiomyceta"
"Eurotiomycetidae"	"-"	451871	106580	63101	59224	50485	106583	76719	53623	64124	53856	62300	60887	8	7	6	5	6	2	7	7	8	3	7	"cellular&nbsp;organisms>Eukaryota>Opisthokonta>Fungi>Dikarya>Ascomycota>saccharomyceta>Pezizomycotina>leotiomyceta>Eurotiomycetes"
"Eurotiales"	"O"	5042	105540	62054	58529	49813	105540	76033	53013	63403	53134	61748	60195	NA	NA	NA	NA	NA	NA	NA	NA	NA	NA	NA	"cellular&nbsp;organisms>Eukaryota>Opisthokonta>Fungi>Dikarya>Ascomycota>saccharomyceta>Pezizomycotina>leotiomyceta>Eurotiomycetes>Eurotiomycetidae"
"Aspergillaceae"	"F"	1131492	105540	62054	58529	49813	105540	76033	53013	63403	53134	61748	60195	NA	NA	NA	NA	NA	NA	NA	NA	NA	NA	NA	"cellular&nbsp;organisms>Eukaryota>Opisthokonta>Fungi>Dikarya>Ascomycota>saccharomyceta>Pezizomycotina>leotiomyceta>Eurotiomycetes>Eurotiomycetidae>Eurotiales"
"Aspergillus"	"G"	5052	105540	62054	58529	49813	105540	76033	53013	63403	53134	61748	60195	NA	NA	NA	NA	NA	NA	NA	NA	NA	NA	NA	"cellular&nbsp;organisms>Eukaryota>Opisthokonta>Fungi>Dikarya>Ascomycota>saccharomyceta>Pezizomycotina>leotiomyceta>Eurotiomycetes>Eurotiomycetidae>Eurotiales>Aspergillaceae"
"Aspergillus subgen. Circumdati"	"-"	2720871	105540	62054	58529	49813	105540	76033	53013	63403	53134	61748	60195	NA	NA	NA	NA	NA	NA	NA	NA	NA	NA	NA	"cellular&nbsp;organisms>Eukaryota>Opisthokonta>Fungi>Dikarya>Ascomycota>saccharomyceta>Pezizomycotina>leotiomyceta>Eurotiomycetes>Eurotiomycetidae>Eurotiales>Aspergillaceae>Aspergillus"
"Aspergillus flavus"	"S"	5059	105540	62054	58529	49813	105540	76033	53013	63403	53134	61748	60195	NA	NA	NA	NA	NA	NA	NA	NA	NA	NA	NA	"cellular&nbsp;organisms>Eukaryota>Opisthokonta>Fungi>Dikarya>Ascomycota>saccharomyceta>Pezizomycotina>leotiomyceta>Eurotiomycetes>Eurotiomycetidae>Eurotiales>Aspergillaceae>Aspergillus>Aspergillus&nbsp;subgen.&nbsp;Circumdati"
"Aspergillus flavus NRRL3357"	"-"	332952	105540	62054	58529	49813	105540	76033	53013	63403	53134	61748	60195	105540	62054	58529	49813	105540	76033	53013	63403	53134	61748	60195	"cellular&nbsp;organisms>Eukaryota>Opisthokonta>Fungi>Dikarya>Ascomycota>saccharomyceta>Pezizomycotina>leotiomyceta>Eurotiomycetes>Eurotiomycetidae>Eurotiales>Aspergillaceae>Aspergillus>Aspergillus&nbsp;subgen.&nbsp;Circumdati>Aspergillus&nbsp;flavus"
"Onygenales"	"O"	33183	1040	1040	689	667	1037	684	603	714	714	549	685	NA	NA	NA	NA	NA	NA	NA	NA	NA	NA	NA	"cellular&nbsp;organisms>Eukaryota>Opisthokonta>Fungi>Dikarya>Ascomycota>saccharomyceta>Pezizomycotina>leotiomyceta>Eurotiomycetes>Eurotiomycetidae"
"Ascosphaeraceae"	"F"	5103	1040	1040	689	667	1037	684	603	714	714	549	685	NA	NA	NA	NA	NA	NA	NA	NA	NA	NA	NA	"cellular&nbsp;organisms>Eukaryota>Opisthokonta>Fungi>Dikarya>Ascomycota>saccharomyceta>Pezizomycotina>leotiomyceta>Eurotiomycetes>Eurotiomycetidae>Onygenales"
"Ascosphaera"	"G"	5104	1040	1040	689	667	1037	684	603	714	714	549	685	NA	NA	NA	NA	NA	NA	NA	NA	NA	NA	NA	"cellular&nbsp;organisms>Eukaryota>Opisthokonta>Fungi>Dikarya>Ascomycota>saccharomyceta>Pezizomycotina>leotiomyceta>Eurotiomycetes>Eurotiomycetidae>Onygenales>Ascosphaeraceae"
"Ascosphaera apis"	"S"	5105	1040	1040	689	667	1037	684	603	714	714	549	685	NA	NA	NA	NA	NA	NA	NA	NA	NA	NA	NA	"cellular&nbsp;organisms>Eukaryota>Opisthokonta>Fungi>Dikarya>Ascomycota>saccharomyceta>Pezizomycotina>leotiomyceta>Eurotiomycetes>Eurotiomycetidae>Onygenales>Ascosphaeraceae>Ascosphaera"
"Ascosphaera apis ARSEF 7405"	"-"	392613	1040	1040	689	667	1037	684	603	714	714	549	685	1040	1040	689	667	1037	684	603	714	714	549	685	"cellular&nbsp;organisms>Eukaryota>Opisthokonta>Fungi>Dikarya>Ascomycota>saccharomyceta>Pezizomycotina>leotiomyceta>Eurotiomycetes>Eurotiomycetidae>Onygenales>Ascosphaeraceae>Ascosphaera>Ascosphaera&nbsp;apis"
"Fungi incertae sedis"	"-"	112252	4346600	6476	4346614	1699067	2308763	3038062	3394	492369	1056566	2012092	1925086	NA	NA	NA	NA	NA	NA	NA	NA	NA	NA	NA	"cellular&nbsp;organisms>Eukaryota>Opisthokonta>Fungi"
"Microsporidia"	"P"	6029	4346600	6476	4346614	1699067	2308763	3038062	3394	492369	1056566	2012092	1925086	NA	NA	NA	NA	NA	NA	NA	NA	NA	NA	NA	"cellular&nbsp;organisms>Eukaryota>Opisthokonta>Fungi>Fungi&nbsp;incertae&nbsp;sedis"
"Apansporoblastina"	"-"	6032	4346600	6476	4346614	1699067	2308763	3038062	3394	492369	1056566	2012092	1925086	NA	NA	NA	NA	NA	NA	NA	NA	NA	NA	NA	"cellular&nbsp;organisms>Eukaryota>Opisthokonta>Fungi>Fungi&nbsp;incertae&nbsp;sedis>Microsporidia"
"Nosematidae"	"F"	27974	4346600	6476	4346614	1699067	2308763	3038062	3394	492369	1056566	2012092	1925086	NA	NA	NA	NA	NA	NA	NA	NA	NA	NA	NA	"cellular&nbsp;organisms>Eukaryota>Opisthokonta>Fungi>Fungi&nbsp;incertae&nbsp;sedis>Microsporidia>Apansporoblastina"
"Nosema"	"G"	27977	4346600	6476	4346614	1699067	2308763	3038062	3394	492369	1056566	2012092	1925086	2339	496	747	504	727	408	703	1488	2339	1095	1275	"cellular&nbsp;organisms>Eukaryota>Opisthokonta>Fungi>Fungi&nbsp;incertae&nbsp;sedis>Microsporidia>Apansporoblastina>Nosematidae"
"Nosema ceranae"	"S"	40302	4342300	3095	4342318	877113	2304233	3034611	992	1567	1051717	1293077	1920969	4342300	3095	4342318	877113	2304233	3034611	992	1567	1051717	1293077	1920969	"cellular&nbsp;organisms>Eukaryota>Opisthokonta>Fungi>Fungi&nbsp;incertae&nbsp;sedis>Microsporidia>Apansporoblastina>Nosematidae>Nosema"
"Nosema apis"	"S"	35231	821450	2885	3549	821450	3803	3043	1699	489314	2510	717920	2842	NA	NA	NA	NA	NA	NA	NA	NA	NA	NA	NA	"cellular&nbsp;organisms>Eukaryota>Opisthokonta>Fungi>Fungi&nbsp;incertae&nbsp;sedis>Microsporidia>Apansporoblastina>Nosematidae>Nosema"
"Nosema apis BRL 01"	"-"	1037528	821450	2885	3549	821450	3803	3043	1699	489314	2510	717920	2842	821450	2885	3549	821450	3803	3043	1699	489314	2510	717920	2842	"cellular&nbsp;organisms>Eukaryota>Opisthokonta>Fungi>Fungi&nbsp;incertae&nbsp;sedis>Microsporidia>Apansporoblastina>Nosematidae>Nosema>Nosema&nbsp;apis"
"Discoba"	"-"	2611352	30733	18258	17335	14411	30733	21675	14450	16271	11420	15559	16318	NA	NA	NA	NA	NA	NA	NA	NA	NA	NA	NA	"cellular&nbsp;organisms>Eukaryota"
"Euglenozoa"	"P"	33682	30733	18258	17335	14411	30733	21675	14450	16271	11420	15559	16318	NA	NA	NA	NA	NA	NA	NA	NA	NA	NA	NA	"cellular&nbsp;organisms>Eukaryota>Discoba"
"Kinetoplastea"	"C"	5653	30733	18258	17335	14411	30733	21675	14450	16271	11420	15559	16318	NA	NA	NA	NA	NA	NA	NA	NA	NA	NA	NA	"cellular&nbsp;organisms>Eukaryota>Discoba>Euglenozoa"
"Metakinetoplastina"	"-"	2704647	30733	18258	17335	14411	30733	21675	14450	16271	11420	15559	16318	NA	NA	NA	NA	NA	NA	NA	NA	NA	NA	NA	"cellular&nbsp;organisms>Eukaryota>Discoba>Euglenozoa>Kinetoplastea"
"Trypanosomatida"	"O"	2704949	30733	18258	17335	14411	30733	21675	14450	16271	11420	15559	16318	NA	NA	NA	NA	NA	NA	NA	NA	NA	NA	NA	"cellular&nbsp;organisms>Eukaryota>Discoba>Euglenozoa>Kinetoplastea>Metakinetoplastina"
"Trypanosomatidae"	"F"	5654	30733	18258	17335	14411	30733	21675	14450	16271	11420	15559	16318	NA	NA	NA	NA	NA	NA	NA	NA	NA	NA	NA	"cellular&nbsp;organisms>Eukaryota>Discoba>Euglenozoa>Kinetoplastea>Metakinetoplastina>Trypanosomatida"
"Leishmaniinae"	"-"	1286322	30733	18258	17335	14411	30733	21675	14450	16271	11420	15559	16318	27539	15333	15219	12426	27539	19525	12680	14125	9359	13958	14132	"cellular&nbsp;organisms>Eukaryota>Discoba>Euglenozoa>Kinetoplastea>Metakinetoplastina>Trypanosomatida>Trypanosomatidae"
"Crithidia"	"G"	5655	2108	1928	1382	1331	2108	1468	1206	1478	1418	1093	1518	NA	NA	NA	NA	NA	NA	NA	NA	NA	NA	NA	"cellular&nbsp;organisms>Eukaryota>Discoba>Euglenozoa>Kinetoplastea>Metakinetoplastina>Trypanosomatida>Trypanosomatidae>Leishmaniinae"
"Crithidia mellificae"	"S"	796356	2108	1928	1382	1331	2108	1468	1206	1478	1418	1093	1518	2108	1928	1382	1331	2108	1468	1206	1478	1418	1093	1518	"cellular&nbsp;organisms>Eukaryota>Discoba>Euglenozoa>Kinetoplastea>Metakinetoplastina>Trypanosomatida>Trypanosomatidae>Leishmaniinae>Crithidia"
"Lotmaria"	"G"	1620386	1086	997	734	654	1086	682	564	668	643	508	668	NA	NA	NA	NA	NA	NA	NA	NA	NA	NA	NA	"cellular&nbsp;organisms>Eukaryota>Discoba>Euglenozoa>Kinetoplastea>Metakinetoplastina>Trypanosomatida>Trypanosomatidae>Leishmaniinae"
"Lotmaria passim"	"S"	1620387	1086	997	734	654	1086	682	564	668	643	508	668	1086	997	734	654	1086	682	564	668	643	508	668	"cellular&nbsp;organisms>Eukaryota>Discoba>Euglenozoa>Kinetoplastea>Metakinetoplastina>Trypanosomatida>Trypanosomatidae>Leishmaniinae>Lotmaria"
"Bacteria"	"D"	2	25034000	25033635	4635064	19782667	21121699	9797836	6425210	6756731	3901118	4689046	7245009	4833	4833	1234	3888	4312	1418	1642	2288	1271	1495	1651	"cellular&nbsp;organisms"
"Terrabacteria group"	"-"	1783272	14077000	14076900	2367595	11081207	11688230	6879791	3708004	3213957	2020075	2258643	4646611	256	73	151	91	201	31	162	186	256	157	252	"cellular&nbsp;organisms>Bacteria"
"Firmicutes"	"P"	1239	12538000	12537561	1762947	9666751	9331829	5548201	3177984	2521978	1650461	1759720	3636090	NA	NA	NA	NA	NA	NA	NA	NA	NA	NA	NA	"cellular&nbsp;organisms>Bacteria>Terrabacteria&nbsp;group"
"Bacilli"	"C"	91061	12538000	12537561	1762947	9666751	9331829	5548201	3177984	2521978	1650461	1759720	3636090	250	82	157	83	179	25	184	143	116	250	181	"cellular&nbsp;organisms>Bacteria>Terrabacteria&nbsp;group>Firmicutes"
"Lactobacillales"	"O"	186826	12537000	12537127	1762547	9666317	9331245	5547972	3177462	2521514	1650038	1759228	3635580	231	230	168	167	231	103	215	183	173	183	192	"cellular&nbsp;organisms>Bacteria>Terrabacteria&nbsp;group>Firmicutes>Bacilli"
"Lactobacillaceae"	"F"	33958	12536000	12536057	1761728	9665416	9330224	5547298	3176766	2520732	1649384	1758367	3634761	NA	NA	NA	NA	NA	NA	NA	NA	NA	NA	NA	"cellular&nbsp;organisms>Bacteria>Terrabacteria&nbsp;group>Firmicutes>Bacilli>Lactobacillales"
"Lactobacillus"	"G"	1578	12536000	12536057	1761728	9665416	9330224	5547298	3176766	2520732	1649384	1758367	3634761	1817300	1817325	192327	1383601	1218717	727729	412397	259639	163119	175394	392041	"cellular&nbsp;organisms>Bacteria>Terrabacteria&nbsp;group>Firmicutes>Bacilli>Lactobacillales>Lactobacillaceae"
"unclassified Lactobacillus"	"-"	2620435	2651000	2650994	301126	2033578	1915103	1282956	705116	488038	300034	342688	689859	152370	152373	17130	130778	114746	65788	37378	17704	11122	14966	32785	"cellular&nbsp;organisms>Bacteria>Terrabacteria&nbsp;group>Firmicutes>Bacilli>Lactobacillales>Lactobacillaceae>Lactobacillus"
"Lactobacillus sp. ESL0263"	"S"	2069350	554700	554700	47090	294832	293601	233842	98768	220896	79093	102885	153009	554700	554700	47090	294832	293601	233842	98768	220896	79093	102885	153009	"cellular&nbsp;organisms>Bacteria>Terrabacteria&nbsp;group>Firmicutes>Bacilli>Lactobacillales>Lactobacillaceae>Lactobacillus>unclassified&nbsp;Lactobacillus"
"Lactobacillus sp. ESL0260"	"S"	2069347	507230	507228	57116	444948	413106	217370	124288	59308	29466	45596	99903	507230	507228	57116	444948	413106	217370	124288	59308	29466	45596	99903	"cellular&nbsp;organisms>Bacteria>Terrabacteria&nbsp;group>Firmicutes>Bacilli>Lactobacillales>Lactobacillaceae>Lactobacillus>unclassified&nbsp;Lactobacillus"
"Lactobacillus sp. ESL0259"	"S"	2069346	451570	451573	48346	391739	357558	189973	111830	50451	25510	40983	87167	451570	451573	48346	391739	357558	189973	111830	50451	25510	40983	87167	"cellular&nbsp;organisms>Bacteria>Terrabacteria&nbsp;group>Firmicutes>Bacilli>Lactobacillales>Lactobacillaceae>Lactobacillus>unclassified&nbsp;Lactobacillus"
"Lactobacillus sp. wkB10"	"S"	1545701	348010	348012	42095	305600	198662	189977	88039	41282	37204	56463	93861	348010	348012	42095	305600	198662	189977	88039	41282	37204	56463	93861	"cellular&nbsp;organisms>Bacteria>Terrabacteria&nbsp;group>Firmicutes>Bacilli>Lactobacillales>Lactobacillaceae>Lactobacillus>unclassified&nbsp;Lactobacillus"
"Lactobacillus sp. wkB8"	"S"	1545702	357210	312894	55035	190354	357211	258497	180604	56995	84211	45217	154402	357210	312894	55035	190354	357211	258497	180604	56995	84211	45217	154402	"cellular&nbsp;organisms>Bacteria>Terrabacteria&nbsp;group>Firmicutes>Bacilli>Lactobacillales>Lactobacillaceae>Lactobacillus>unclassified&nbsp;Lactobacillus"
"Lactobacillus sp. ESL0261"	"S"	2069348	296410	296408	31350	257318	164165	113448	57443	34487	29061	27346	62433	296410	296408	31350	257318	164165	113448	57443	34487	29061	27346	62433	"cellular&nbsp;organisms>Bacteria>Terrabacteria&nbsp;group>Firmicutes>Bacilli>Lactobacillales>Lactobacillaceae>Lactobacillus>unclassified&nbsp;Lactobacillus"
"Lactobacillus sp. ESL0228"	"S"	2069352	22821	22821	2435	13807	12655	11504	5605	5789	3558	7356	4974	22821	22821	2435	13807	12655	11504	5605	5789	3558	7356	4974	"cellular&nbsp;organisms>Bacteria>Terrabacteria&nbsp;group>Firmicutes>Bacilli>Lactobacillales>Lactobacillaceae>Lactobacillus>unclassified&nbsp;Lactobacillus"
"Lactobacillus sp. ESL0230"	"S"	2069353	4985	4985	529	4202	3399	2557	1161	1126	809	1876	1325	4985	4985	529	4202	3399	2557	1161	1126	809	1876	1325	"cellular&nbsp;organisms>Bacteria>Terrabacteria&nbsp;group>Firmicutes>Bacilli>Lactobacillales>Lactobacillaceae>Lactobacillus>unclassified&nbsp;Lactobacillus"
"Lactobacillus mellis"	"S"	1218508	2581400	2481414	658572	1936645	2581357	1126735	790772	698536	417941	544601	1122423	2581400	2481414	658572	1936645	2581357	1126735	790772	698536	417941	544601	1122423	"cellular&nbsp;organisms>Bacteria>Terrabacteria&nbsp;group>Firmicutes>Bacilli>Lactobacillales>Lactobacillaceae>Lactobacillus"
"Lactobacillus melliventris"	"S"	1218507	1502900	1502900	166419	1370352	1306473	671941	386948	174551	88415	145553	304749	1502900	1502900	166419	1370352	1306473	671941	386948	174551	88415	145553	304749	"cellular&nbsp;organisms>Bacteria>Terrabacteria&nbsp;group>Firmicutes>Bacilli>Lactobacillales>Lactobacillaceae>Lactobacillus"
"Lactobacillus apis"	"S"	303541	1469100	1469133	116835	728936	678533	624222	232501	497568	204410	258812	381434	1469100	1469133	116835	728936	678533	624222	232501	497568	204410	258812	381434	"cellular&nbsp;organisms>Bacteria>Terrabacteria&nbsp;group>Firmicutes>Bacilli>Lactobacillales>Lactobacillaceae>Lactobacillus"
"Lactobacillus kimbladii"	"S"	1218506	1362200	1362150	138229	1182911	625593	392460	202509	173043	136540	106828	254171	1362200	1362150	138229	1182911	625593	392460	202509	173043	136540	106828	254171	"cellular&nbsp;organisms>Bacteria>Terrabacteria&nbsp;group>Firmicutes>Bacilli>Lactobacillales>Lactobacillaceae>Lactobacillus"
"Lactobacillus kullabergensis"	"S"	1218493	686450	686449	73489	640947	384259	276319	131359	78612	69641	59640	140121	686450	686449	73489	640947	384259	276319	131359	78612	69641	59640	140121	"cellular&nbsp;organisms>Bacteria>Terrabacteria&nbsp;group>Firmicutes>Bacilli>Lactobacillales>Lactobacillaceae>Lactobacillus"
"Lactobacillus helsingborgensis"	"S"	1218494	470210	440820	78108	243563	470214	377993	263058	86009	126009	62765	219636	470210	440820	78108	243563	470214	377993	263058	86009	126009	62765	219636	"cellular&nbsp;organisms>Bacteria>Terrabacteria&nbsp;group>Firmicutes>Bacilli>Lactobacillales>Lactobacillaceae>Lactobacillus"
"Lactobacillus mellifer"	"S"	1218492	146060	120041	34808	139571	146063	64714	50477	62102	27594	58359	89074	146060	120041	34808	139571	146063	64714	50477	62102	27594	58359	89074	"cellular&nbsp;organisms>Bacteria>Terrabacteria&nbsp;group>Firmicutes>Bacilli>Lactobacillales>Lactobacillaceae>Lactobacillus"
"Lactobacillus bombicola"	"S"	1505723	4565	3721	489	4565	2835	1791	1243	642	554	2034	835	4565	3721	489	4565	2835	1791	1243	642	554	2034	835	"cellular&nbsp;organisms>Bacteria>Terrabacteria&nbsp;group>Firmicutes>Bacilli>Lactobacillales>Lactobacillaceae>Lactobacillus"
"Lactobacillus kunkeei"	"S"	148814	114080	621	1220	402	633	238	264	1826	114083	1530	39683	114080	621	1220	402	633	238	264	1826	114083	1530	39683	"cellular&nbsp;organisms>Bacteria>Terrabacteria&nbsp;group>Firmicutes>Bacilli>Lactobacillales>Lactobacillaceae>Lactobacillus"
"Lactobacillus apinorum"	"S"	1218495	1044	489	106	345	444	200	122	166	1044	163	735	1044	489	106	345	444	200	122	166	1044	163	735	"cellular&nbsp;organisms>Bacteria>Terrabacteria&nbsp;group>Firmicutes>Bacilli>Lactobacillales>Lactobacillaceae>Lactobacillus"
"Enterococcaceae"	"F"	81852	840	840	651	734	790	571	481	599	481	678	627	NA	NA	NA	NA	NA	NA	NA	NA	NA	NA	NA	"cellular&nbsp;organisms>Bacteria>Terrabacteria&nbsp;group>Firmicutes>Bacilli>Lactobacillales"
"Melissococcus"	"G"	33969	840	840	651	734	790	571	481	599	481	678	627	NA	NA	NA	NA	NA	NA	NA	NA	NA	NA	NA	"cellular&nbsp;organisms>Bacteria>Terrabacteria&nbsp;group>Firmicutes>Bacilli>Lactobacillales>Enterococcaceae"
"Melissococcus plutonius"	"S"	33970	840	840	651	734	790	571	481	599	481	678	627	581	581	438	512	524	319	322	455	371	511	471	"cellular&nbsp;organisms>Bacteria>Terrabacteria&nbsp;group>Firmicutes>Bacilli>Lactobacillales>Enterococcaceae>Melissococcus"
"Melissococcus plutonius DAT561"	"-"	1090974	266	259	213	222	266	252	159	144	108	167	156	266	259	213	222	266	252	159	144	108	167	156	"cellular&nbsp;organisms>Bacteria>Terrabacteria&nbsp;group>Firmicutes>Bacilli>Lactobacillales>Enterococcaceae>Melissococcus>Melissococcus&nbsp;plutonius"
"Bacillales"	"O"	1385	405	352	243	351	405	204	338	321	307	242	329	NA	NA	NA	NA	NA	NA	NA	NA	NA	NA	NA	"cellular&nbsp;organisms>Bacteria>Terrabacteria&nbsp;group>Firmicutes>Bacilli"
"Paenibacillaceae"	"F"	186822	405	352	243	351	405	204	338	321	307	242	329	92	20	43	50	72	9	92	39	56	19	71	"cellular&nbsp;organisms>Bacteria>Terrabacteria&nbsp;group>Firmicutes>Bacilli>Bacillales"
"Paenibacillus"	"G"	44249	256	251	167	216	256	126	215	228	201	202	206	113	26	71	29	113	9	101	86	46	95	73	"cellular&nbsp;organisms>Bacteria>Terrabacteria&nbsp;group>Firmicutes>Bacilli>Bacillales>Paenibacillaceae"
"Paenibacillus alvei"	"S"	44250	124	124	50	94	78	62	75	103	89	69	78	NA	NA	NA	NA	NA	NA	NA	NA	NA	NA	NA	"cellular&nbsp;organisms>Bacteria>Terrabacteria&nbsp;group>Firmicutes>Bacilli>Bacillales>Paenibacillaceae>Paenibacillus"
"Paenibacillus alvei DSM 29"	"-"	1206781	124	124	50	94	78	62	75	103	89	69	78	124	124	50	94	78	62	75	103	89	69	78	"cellular&nbsp;organisms>Bacteria>Terrabacteria&nbsp;group>Firmicutes>Bacilli>Bacillales>Paenibacillaceae>Paenibacillus>Paenibacillus&nbsp;alvei"
"Paenibacillus larvae"	"S"	1464	101	101	46	93	65	55	39	39	66	38	55	90	90	40	83	44	42	27	31	57	29	39	"cellular&nbsp;organisms>Bacteria>Terrabacteria&nbsp;group>Firmicutes>Bacilli>Bacillales>Paenibacillaceae>Paenibacillus"
"Paenibacillus larvae subsp. larvae"	"-"	147375	21	11	6	10	21	13	12	8	9	9	16	20	9	5	5	20	10	11	7	3	8	13	"cellular&nbsp;organisms>Bacteria>Terrabacteria&nbsp;group>Firmicutes>Bacilli>Bacillales>Paenibacillaceae>Paenibacillus>Paenibacillus&nbsp;larvae"
"Paenibacillus larvae subsp. larvae BRL-230010"	"-"	392917	3	1	NA	3	NA	3	NA	1	2	NA	1	3	1	NA	3	NA	3	NA	1	2	NA	1	"cellular&nbsp;organisms>Bacteria>Terrabacteria&nbsp;group>Firmicutes>Bacilli>Bacillales>Paenibacillaceae>Paenibacillus>Paenibacillus&nbsp;larvae>Paenibacillus&nbsp;larvae&nbsp;subsp.&nbsp;larvae"
"Paenibacillus larvae subsp. larvae DSM 25719"	"-"	697286	2	1	NA	1	NA	NA	NA	NA	2	1	2	2	1	NA	1	NA	NA	NA	NA	2	1	2	"cellular&nbsp;organisms>Bacteria>Terrabacteria&nbsp;group>Firmicutes>Bacilli>Bacillales>Paenibacillaceae>Paenibacillus>Paenibacillus&nbsp;larvae>Paenibacillus&nbsp;larvae&nbsp;subsp.&nbsp;larvae"
"Brevibacillus"	"G"	55080	85	81	33	85	77	69	31	54	50	21	52	NA	NA	NA	NA	NA	NA	NA	NA	NA	NA	NA	"cellular&nbsp;organisms>Bacteria>Terrabacteria&nbsp;group>Firmicutes>Bacilli>Bacillales>Paenibacillaceae"
"Brevibacillus laterosporus"	"S"	1465	85	81	33	85	77	69	31	54	50	21	52	NA	NA	NA	NA	NA	NA	NA	NA	NA	NA	NA	"cellular&nbsp;organisms>Bacteria>Terrabacteria&nbsp;group>Firmicutes>Bacilli>Bacillales>Paenibacillaceae>Brevibacillus"
"Brevibacillus laterosporus LMG 15441"	"-"	1042163	85	81	33	85	77	69	31	54	50	21	52	85	81	33	85	77	69	31	54	50	21	52	"cellular&nbsp;organisms>Bacteria>Terrabacteria&nbsp;group>Firmicutes>Bacilli>Bacillales>Paenibacillaceae>Brevibacillus>Brevibacillus&nbsp;laterosporus"
"Actinobacteria"	"P"	201174	2355000	1538454	603611	1413704	2355019	1331121	528852	690720	368276	497893	1009069	NA	NA	NA	NA	NA	NA	NA	NA	NA	NA	NA	"cellular&nbsp;organisms>Bacteria>Terrabacteria&nbsp;group"
"Actinobacteria"	"C"	1760	2355000	1538454	603611	1413704	2355019	1331121	528852	690720	368276	497893	1009069	NA	NA	NA	NA	NA	NA	NA	NA	NA	NA	NA	"cellular&nbsp;organisms>Bacteria>Terrabacteria&nbsp;group>Actinobacteria"
"Bifidobacteriales"	"O"	85004	2355000	1538454	603611	1413704	2355019	1331121	528852	690720	368276	497893	1009069	NA	NA	NA	NA	NA	NA	NA	NA	NA	NA	NA	"cellular&nbsp;organisms>Bacteria>Terrabacteria&nbsp;group>Actinobacteria>Actinobacteria"
"Bifidobacteriaceae"	"F"	31953	2355000	1538454	603611	1413704	2355019	1331121	528852	690720	368276	497893	1009069	NA	NA	NA	NA	NA	NA	NA	NA	NA	NA	NA	"cellular&nbsp;organisms>Bacteria>Terrabacteria&nbsp;group>Actinobacteria>Actinobacteria>Bifidobacteriales"
"Bifidobacterium"	"G"	1678	2355000	1538454	603611	1413704	2355019	1331121	528852	690720	368276	497893	1009069	55984	11473	6501	29854	55984	14191	21328	18829	11794	21113	8755	"cellular&nbsp;organisms>Bacteria>Terrabacteria&nbsp;group>Actinobacteria>Actinobacteria>Bifidobacteriales>Bifidobacteriaceae"
"Bifidobacterium asteroides"	"S"	1684	2179400	1505788	585259	1321863	2179434	1287021	463350	634325	332200	430500	984272	1996700	1379496	535774	1207986	1996674	1167078	422855	585437	303518	392308	908258	"cellular&nbsp;organisms>Bacteria>Terrabacteria&nbsp;group>Actinobacteria>Actinobacteria>Bifidobacteriales>Bifidobacteriaceae>Bifidobacterium"
"Bifidobacterium asteroides PRL2011"	"-"	1147128	182760	126292	49485	113877	182760	119943	40495	48888	28682	38192	76014	182760	126292	49485	113877	182760	119943	40495	48888	28682	38192	76014	"cellular&nbsp;organisms>Bacteria>Terrabacteria&nbsp;group>Actinobacteria>Actinobacteria>Bifidobacteriales>Bifidobacteriaceae>Bifidobacterium>Bifidobacterium&nbsp;asteroides"
"Bifidobacterium coryneforme"	"S"	1687	59949	10603	6375	31418	59949	15106	24329	20023	11980	24000	7891	59949	10603	6375	31418	59949	15106	24329	20023	11980	24000	7891	"cellular&nbsp;organisms>Bacteria>Terrabacteria&nbsp;group>Actinobacteria>Actinobacteria>Bifidobacteriales>Bifidobacteriaceae>Bifidobacterium"
"Bifidobacterium indicum"	"S"	1691	58284	9860	5180	29667	58284	14255	19434	17119	12020	21827	7464	31985	6551	3267	13401	31985	6488	10220	8574	6929	8511	4840	"cellular&nbsp;organisms>Bacteria>Terrabacteria&nbsp;group>Actinobacteria>Actinobacteria>Bifidobacteriales>Bifidobacteriaceae>Bifidobacterium"
"Bifidobacterium indicum LMG 11587 = DSM 20214"	"-"	1341694	26299	3309	1913	16266	26299	7767	9214	8545	5091	13316	2624	26299	3309	1913	16266	26299	7767	9214	8545	5091	13316	2624	"cellular&nbsp;organisms>Bacteria>Terrabacteria&nbsp;group>Actinobacteria>Actinobacteria>Bifidobacteriales>Bifidobacteriaceae>Bifidobacterium>Bifidobacterium&nbsp;indicum"
"Bifidobacterium actinocoloniiforme"	"S"	638619	996	537	206	666	996	458	283	313	201	327	440	NA	NA	NA	NA	NA	NA	NA	NA	NA	NA	NA	"cellular&nbsp;organisms>Bacteria>Terrabacteria&nbsp;group>Actinobacteria>Actinobacteria>Bifidobacteriales>Bifidobacteriaceae>Bifidobacterium"
"Bifidobacterium actinocoloniiforme DSM 22766"	"-"	1437605	996	537	206	666	996	458	283	313	201	327	440	996	537	206	666	996	458	283	313	201	327	440	"cellular&nbsp;organisms>Bacteria>Terrabacteria&nbsp;group>Actinobacteria>Actinobacteria>Bifidobacteriales>Bifidobacteriaceae>Bifidobacterium>Bifidobacterium&nbsp;actinocoloniiforme"
"Bifidobacterium bombi"	"S"	471511	229	122	55	127	229	49	74	73	35	63	207	NA	NA	NA	NA	NA	NA	NA	NA	NA	NA	NA	"cellular&nbsp;organisms>Bacteria>Terrabacteria&nbsp;group>Actinobacteria>Actinobacteria>Bifidobacteriales>Bifidobacteriaceae>Bifidobacterium"
"Bifidobacterium bombi DSM 19703"	"-"	1341695	229	122	55	127	229	49	74	73	35	63	207	229	122	55	127	229	49	74	73	35	63	207	"cellular&nbsp;organisms>Bacteria>Terrabacteria&nbsp;group>Actinobacteria>Actinobacteria>Bifidobacteriales>Bifidobacteriaceae>Bifidobacterium>Bifidobacterium&nbsp;bombi"
"Bifidobacterium bohemicum"	"S"	638617	143	71	35	109	143	41	54	38	46	63	40	NA	NA	NA	NA	NA	NA	NA	NA	NA	NA	NA	"cellular&nbsp;organisms>Bacteria>Terrabacteria&nbsp;group>Actinobacteria>Actinobacteria>Bifidobacteriales>Bifidobacteriaceae>Bifidobacterium"
"Bifidobacterium bohemicum DSM 22767"	"-"	1437606	143	71	35	109	143	41	54	38	46	63	40	143	71	35	109	143	41	54	38	46	63	40	"cellular&nbsp;organisms>Bacteria>Terrabacteria&nbsp;group>Actinobacteria>Actinobacteria>Bifidobacteriales>Bifidobacteriaceae>Bifidobacterium>Bifidobacterium&nbsp;bohemicum"
"Tenericutes"	"P"	544448	1200	812	886	661	1181	438	1006	1073	1082	873	1200	NA	NA	NA	NA	NA	NA	NA	NA	NA	NA	NA	"cellular&nbsp;organisms>Bacteria>Terrabacteria&nbsp;group"
"Mollicutes"	"C"	31969	1200	812	886	661	1181	438	1006	1073	1082	873	1200	NA	NA	NA	NA	NA	NA	NA	NA	NA	NA	NA	"cellular&nbsp;organisms>Bacteria>Terrabacteria&nbsp;group>Tenericutes"
"Entomoplasmatales"	"O"	186328	1200	812	886	661	1181	438	1006	1073	1082	873	1200	NA	NA	NA	NA	NA	NA	NA	NA	NA	NA	NA	"cellular&nbsp;organisms>Bacteria>Terrabacteria&nbsp;group>Tenericutes>Mollicutes"
"Spiroplasmataceae"	"F"	2131	1200	812	886	661	1181	438	1006	1073	1082	873	1200	NA	NA	NA	NA	NA	NA	NA	NA	NA	NA	NA	"cellular&nbsp;organisms>Bacteria>Terrabacteria&nbsp;group>Tenericutes>Mollicutes>Entomoplasmatales"
"Spiroplasma"	"G"	2132	1200	812	886	661	1181	438	1006	1073	1082	873	1200	634	233	454	254	541	111	554	575	541	462	634	"cellular&nbsp;organisms>Bacteria>Terrabacteria&nbsp;group>Tenericutes>Mollicutes>Entomoplasmatales>Spiroplasmataceae"
"Spiroplasma apis"	"S"	2137	417	325	299	222	417	182	343	342	403	276	401	NA	NA	NA	NA	NA	NA	NA	NA	NA	NA	NA	"cellular&nbsp;organisms>Bacteria>Terrabacteria&nbsp;group>Tenericutes>Mollicutes>Entomoplasmatales>Spiroplasmataceae>Spiroplasma"
"Spiroplasma apis B31"	"-"	1276258	417	325	299	222	417	182	343	342	403	276	401	417	325	299	222	417	182	343	342	403	276	401	"cellular&nbsp;organisms>Bacteria>Terrabacteria&nbsp;group>Tenericutes>Mollicutes>Entomoplasmatales>Spiroplasmataceae>Spiroplasma>Spiroplasma&nbsp;apis"
"Spiroplasma melliferum"	"S"	2134	254	254	133	185	223	145	109	156	138	135	165	138	138	57	117	111	60	60	75	79	75	94	"cellular&nbsp;organisms>Bacteria>Terrabacteria&nbsp;group>Tenericutes>Mollicutes>Entomoplasmatales>Spiroplasmataceae>Spiroplasma"
"Spiroplasma melliferum KC3"	"-"	570509	65	65	45	42	59	61	29	52	46	30	34	65	65	45	42	59	61	29	52	46	30	34	"cellular&nbsp;organisms>Bacteria>Terrabacteria&nbsp;group>Tenericutes>Mollicutes>Entomoplasmatales>Spiroplasmataceae>Spiroplasma>Spiroplasma&nbsp;melliferum"
"Spiroplasma melliferum IPMB4A"	"-"	1129368	53	51	31	26	53	24	20	29	13	30	37	53	51	31	26	53	24	20	29	13	30	37	"cellular&nbsp;organisms>Bacteria>Terrabacteria&nbsp;group>Tenericutes>Mollicutes>Entomoplasmatales>Spiroplasmataceae>Spiroplasma>Spiroplasma&nbsp;melliferum"
"Proteobacteria"	"P"	1224	10949000	10948789	2263774	8695619	9422211	2914236	2713624	3537997	1878261	2427008	2594508	32529	32529	5731	25782	25243	7946	8263	10700	5246	6980	7068	"cellular&nbsp;organisms>Bacteria"
"Gammaproteobacteria"	"C"	1236	9015300	9015339	1749150	7819186	7679686	2653919	2261312	3033687	1695177	2295014	2324576	1260	1092	451	783	1260	318	518	564	538	398	617	"cellular&nbsp;organisms>Bacteria>Proteobacteria"
"Orbales"	"O"	1240482	9013400	9013390	1747976	7817254	7677280	2636204	2260193	3031991	1691746	2293026	2316339	NA	NA	NA	NA	NA	NA	NA	NA	NA	NA	NA	"cellular&nbsp;organisms>Bacteria>Proteobacteria>Gammaproteobacteria"
"Orbaceae"	"F"	1240483	9013400	9013390	1747976	7817254	7677280	2636204	2260193	3031991	1691746	2293026	2316339	19333	19333	3981	16530	18700	5622	4991	7358	4291	4350	5300	"cellular&nbsp;organisms>Bacteria>Proteobacteria>Gammaproteobacteria>Orbales"
"Gilliamella"	"G"	1193503	7652500	7652489	1508102	6414229	6460830	2209289	1895086	2259559	1330224	1932838	1940688	122660	122656	33754	63267	97383	31594	26482	44184	20324	65960	24325	"cellular&nbsp;organisms>Bacteria>Proteobacteria>Gammaproteobacteria>Orbales>Orbaceae"
"Gilliamella apicola"	"S"	1196095	6735600	6735616	1239018	6018923	5742358	1964649	1703655	1926427	1171627	1101266	1804480	6735600	6735616	1239018	6018923	5742358	1964649	1703655	1926427	1171627	1101266	1804480	"cellular&nbsp;organisms>Bacteria>Proteobacteria>Gammaproteobacteria>Orbales>Orbaceae>Gilliamella"
"Gilliamella apis"	"S"	1970738	728650	698069	199726	290010	556076	187491	148990	260963	119528	728652	92129	728650	698069	199726	290010	556076	187491	148990	260963	119528	728652	92129	"cellular&nbsp;organisms>Bacteria>Proteobacteria>Gammaproteobacteria>Orbales>Orbaceae>Gilliamella"
"unclassified Gilliamella"	"-"	2685620	96148	96148	35604	42029	65013	25555	15959	27985	18745	36960	19754	4055	4055	1493	1437	2788	1007	534	922	631	1220	717	"cellular&nbsp;organisms>Bacteria>Proteobacteria>Gammaproteobacteria>Orbales>Orbaceae>Gilliamella"
"Gilliamella sp. N-G2"	"S"	1970471	56425	56425	19260	20330	31298	13828	9239	16970	7537	21555	12508	56425	56425	19260	20330	31298	13828	9239	16970	7537	21555	12508	"cellular&nbsp;organisms>Bacteria>Proteobacteria>Gammaproteobacteria>Orbales>Orbaceae>Gilliamella>unclassified&nbsp;Gilliamella"
"Gilliamella sp. A7"	"S"	1970465	35668	35668	14851	20262	30927	10720	6186	10093	10577	14185	6529	35668	35668	14851	20262	30927	10720	6186	10093	10577	14185	6529	"cellular&nbsp;organisms>Bacteria>Proteobacteria>Gammaproteobacteria>Orbales>Orbaceae>Gilliamella>unclassified&nbsp;Gilliamella"
"Frischella"	"G"	1335631	1386500	1341568	235893	1386495	1197750	421293	360116	765074	357231	355838	370351	NA	NA	NA	NA	NA	NA	NA	NA	NA	NA	NA	"cellular&nbsp;organisms>Bacteria>Proteobacteria>Gammaproteobacteria>Orbales>Orbaceae"
"Frischella perrara"	"S"	1267021	1386500	1341568	235893	1386495	1197750	421293	360116	765074	357231	355838	370351	1386500	1341568	235893	1386495	1197750	421293	360116	765074	357231	355838	370351	"cellular&nbsp;organisms>Bacteria>Proteobacteria>Gammaproteobacteria>Orbales>Orbaceae>Frischella"
"Enterobacterales"	"O"	91347	17397	857	723	1149	1146	17397	601	1132	2893	1590	7620	528	50	86	92	88	528	100	104	167	73	265	"cellular&nbsp;organisms>Bacteria>Proteobacteria>Gammaproteobacteria"
"Yersiniaceae"	"F"	1903411	9039	442	463	687	834	9039	366	503	1356	359	3349	NA	NA	NA	NA	NA	NA	NA	NA	NA	NA	NA	"cellular&nbsp;organisms>Bacteria>Proteobacteria>Gammaproteobacteria>Enterobacterales"
"Serratia"	"G"	613	9039	442	463	687	834	9039	366	503	1356	359	3349	NA	NA	NA	NA	NA	NA	NA	NA	NA	NA	NA	"cellular&nbsp;organisms>Bacteria>Proteobacteria>Gammaproteobacteria>Enterobacterales>Yersiniaceae"
"Serratia marcescens"	"S"	615	9039	442	463	687	834	9039	366	503	1356	359	3349	9039	442	463	687	834	9039	366	503	1356	359	3349	"cellular&nbsp;organisms>Bacteria>Proteobacteria>Gammaproteobacteria>Enterobacterales>Yersiniaceae>Serratia"
"Erwiniaceae"	"F"	1903409	7830	365	174	370	224	7830	135	525	1370	1158	4006	NA	NA	NA	NA	NA	NA	NA	NA	NA	NA	NA	"cellular&nbsp;organisms>Bacteria>Proteobacteria>Gammaproteobacteria>Enterobacterales"
"Pantoea"	"G"	53335	7830	365	174	370	224	7830	135	525	1370	1158	4006	NA	NA	NA	NA	NA	NA	NA	NA	NA	NA	NA	"cellular&nbsp;organisms>Bacteria>Proteobacteria>Gammaproteobacteria>Enterobacterales>Erwiniaceae"
"Pantoea agglomerans group"	"-"	1654067	7830	365	174	370	224	7830	135	525	1370	1158	4006	NA	NA	NA	NA	NA	NA	NA	NA	NA	NA	NA	"cellular&nbsp;organisms>Bacteria>Proteobacteria>Gammaproteobacteria>Enterobacterales>Erwiniaceae>Pantoea"
"Pantoea agglomerans"	"S"	549	7830	365	174	370	224	7830	135	525	1370	1158	4006	7830	365	174	370	224	7830	135	525	1370	1158	4006	"cellular&nbsp;organisms>Bacteria>Proteobacteria>Gammaproteobacteria>Enterobacterales>Erwiniaceae>Pantoea>Pantoea&nbsp;agglomerans&nbsp;group"
"Betaproteobacteria"	"C"	28216	1650700	1650715	218217	670975	1565428	199914	319686	397237	112262	81453	234738	NA	NA	NA	NA	NA	NA	NA	NA	NA	NA	NA	"cellular&nbsp;organisms>Bacteria>Proteobacteria"
"Neisseriales"	"O"	206351	1650700	1650715	218217	670975	1565428	199914	319686	397237	112262	81453	234738	NA	NA	NA	NA	NA	NA	NA	NA	NA	NA	NA	"cellular&nbsp;organisms>Bacteria>Proteobacteria>Betaproteobacteria"
"Neisseriaceae"	"F"	481	1650700	1650715	218217	670975	1565428	199914	319686	397237	112262	81453	234738	NA	NA	NA	NA	NA	NA	NA	NA	NA	NA	NA	"cellular&nbsp;organisms>Bacteria>Proteobacteria>Betaproteobacteria>Neisseriales"
"Snodgrassella"	"G"	1193515	1650700	1650715	218217	670975	1565428	199914	319686	397237	112262	81453	234738	NA	NA	NA	NA	NA	NA	NA	NA	NA	NA	NA	"cellular&nbsp;organisms>Bacteria>Proteobacteria>Betaproteobacteria>Neisseriales>Neisseriaceae"
"Snodgrassella alvi"	"S"	1196083	1650700	1650715	218217	670975	1565428	199914	319686	397237	112262	81453	234738	1070200	1070248	134689	409601	969989	123092	198676	242201	62536	50533	144849	"cellular&nbsp;organisms>Bacteria>Proteobacteria>Betaproteobacteria>Neisseriales>Neisseriaceae>Snodgrassella"
"Snodgrassella alvi wkB2"	"-"	1196094	595440	580467	83528	261374	595439	76822	121010	155036	49726	30920	89889	595440	580467	83528	261374	595439	76822	121010	155036	49726	30920	89889	"cellular&nbsp;organisms>Bacteria>Proteobacteria>Betaproteobacteria>Neisseriales>Neisseriaceae>Snodgrassella>Snodgrassella&nbsp;alvi"
"Alphaproteobacteria"	"C"	28211	290680	250206	290676	179676	151854	52457	124363	96373	65576	43561	28126	64	53	34	64	39	16	37	7	16	4	32	"cellular&nbsp;organisms>Bacteria>Proteobacteria"
"Rhodospirillales"	"O"	204441	231540	231542	69369	64235	132165	51226	120296	94386	65305	43102	27778	NA	NA	NA	NA	NA	NA	NA	NA	NA	NA	NA	"cellular&nbsp;organisms>Bacteria>Proteobacteria>Alphaproteobacteria"
"Acetobacteraceae"	"F"	433	231540	231542	69369	64235	132165	51226	120296	94386	65305	43102	27778	541	350	398	431	506	73	508	473	488	383	541	"cellular&nbsp;organisms>Bacteria>Proteobacteria>Alphaproteobacteria>Rhodospirillales"
"Commensalibacter"	"G"	1079922	230200	230198	63062	61686	125454	49380	116989	92899	62654	41816	22834	2269	1449	340	2269	267	38	318	251	87	206	73	"cellular&nbsp;organisms>Bacteria>Proteobacteria>Alphaproteobacteria>Rhodospirillales>Acetobacteraceae"
"unclassified Commensalibacter"	"-"	2630218	225760	225761	62154	54987	124383	49114	115596	92185	62372	41477	22605	43487	43487	10525	10789	18832	7616	19631	15274	9918	6334	3548	"cellular&nbsp;organisms>Bacteria>Proteobacteria>Alphaproteobacteria>Rhodospirillales>Acetobacteraceae>Commensalibacter"
"Commensalibacter sp. ESL0366"	"S"	2676439	91840	91840	27719	24958	51442	18367	55066	39631	23079	20400	9668	91840	91840	27719	24958	51442	18367	55066	39631	23079	20400	9668	"cellular&nbsp;organisms>Bacteria>Proteobacteria>Alphaproteobacteria>Rhodospirillales>Acetobacteraceae>Commensalibacter>unclassified&nbsp;Commensalibacter"
"Commensalibacter sp. ESL0284"	"S"	2070537	87613	87613	23391	14922	53621	22949	40399	36805	29122	14520	9155	87613	87613	23391	14922	53621	22949	40399	36805	29122	14520	9155	"cellular&nbsp;organisms>Bacteria>Proteobacteria>Alphaproteobacteria>Rhodospirillales>Acetobacteraceae>Commensalibacter>unclassified&nbsp;Commensalibacter"
"Commensalibacter sp. MX01"	"S"	1208583	4318	2821	519	4318	488	182	500	475	253	223	234	4318	2821	519	4318	488	182	500	475	253	223	234	"cellular&nbsp;organisms>Bacteria>Proteobacteria>Alphaproteobacteria>Rhodospirillales>Acetobacteraceae>Commensalibacter>unclassified&nbsp;Commensalibacter"
"Commensalibacter intestini"	"S"	479936	4430	2988	568	4430	804	228	1075	463	195	133	156	NA	NA	NA	NA	NA	NA	NA	NA	NA	NA	NA	"cellular&nbsp;organisms>Bacteria>Proteobacteria>Alphaproteobacteria>Rhodospirillales>Acetobacteraceae>Commensalibacter"
"Commensalibacter intestini A911"	"-"	1088868	4430	2988	568	4430	804	228	1075	463	195	133	156	4430	2988	568	4430	804	228	1075	463	195	133	156	"cellular&nbsp;organisms>Bacteria>Proteobacteria>Alphaproteobacteria>Rhodospirillales>Acetobacteraceae>Commensalibacter>Commensalibacter&nbsp;intestini"
"Bombella"	"G"	1654741	6205	994	5909	2118	6205	1773	2799	1014	2163	903	4403	223	135	43	223	56	9	52	30	23	17	37	"cellular&nbsp;organisms>Bacteria>Proteobacteria>Alphaproteobacteria>Rhodospirillales>Acetobacteraceae"
"unclassified Bombella"	"-"	2644098	6104	742	5805	1739	6104	1732	2689	961	2115	879	4332	10	9	3	7	10	1	NA	NA	7	5	6	"cellular&nbsp;organisms>Bacteria>Proteobacteria>Alphaproteobacteria>Rhodospirillales>Acetobacteraceae>Bombella"
"Bombella sp. ESL0385"	"S"	2676446	5547	458	4124	1223	5547	632	1906	238	269	183	1160	5547	458	4124	1223	5547	632	1906	238	269	183	1160	"cellular&nbsp;organisms>Bacteria>Proteobacteria>Alphaproteobacteria>Rhodospirillales>Acetobacteraceae>Bombella>unclassified&nbsp;Bombella"
"Bombella sp. ESL0368"	"S"	2676441	3166	275	1678	509	547	1099	783	723	1839	691	3166	3166	275	1678	509	547	1099	783	723	1839	691	3166	"cellular&nbsp;organisms>Bacteria>Proteobacteria>Alphaproteobacteria>Rhodospirillales>Acetobacteraceae>Bombella>unclassified&nbsp;Bombella"
"Bombella intestini"	"S"	1539051	156	117	61	156	45	32	58	23	25	7	34	156	117	61	156	45	32	58	23	25	7	34	"cellular&nbsp;organisms>Bacteria>Proteobacteria>Alphaproteobacteria>Rhodospirillales>Acetobacteraceae>Bombella"
"Rhizobiales"	"O"	356	221270	18611	221273	115377	19650	1215	4030	1980	255	455	316	NA	NA	NA	NA	NA	NA	NA	NA	NA	NA	NA	"cellular&nbsp;organisms>Bacteria>Proteobacteria>Alphaproteobacteria"
"Bartonellaceae"	"F"	772	221270	18611	221273	115377	19650	1215	4030	1980	255	455	316	NA	NA	NA	NA	NA	NA	NA	NA	NA	NA	NA	"cellular&nbsp;organisms>Bacteria>Proteobacteria>Alphaproteobacteria>Rhizobiales"
"Bartonella"	"G"	773	221270	18611	221273	115377	19650	1215	4030	1980	255	455	316	NA	NA	NA	NA	NA	NA	NA	NA	NA	NA	NA	"cellular&nbsp;organisms>Bacteria>Proteobacteria>Alphaproteobacteria>Rhizobiales>Bartonellaceae"
"Bartonella apis"	"S"	1686310	221270	18611	221273	115377	19650	1215	4030	1980	255	455	316	221270	18611	221273	115377	19650	1215	4030	1980	255	455	316	"cellular&nbsp;organisms>Bacteria>Proteobacteria>Alphaproteobacteria>Rhizobiales>Bartonellaceae>Bartonella"
"FCB group"	"-"	1783270	6946	3113	2461	1953	6946	2391	1940	2489	1511	1900	2239	NA	NA	NA	NA	NA	NA	NA	NA	NA	NA	NA	"cellular&nbsp;organisms>Bacteria"
"Bacteroidetes/Chlorobi group"	"-"	68336	6946	3113	2461	1953	6946	2391	1940	2489	1511	1900	2239	NA	NA	NA	NA	NA	NA	NA	NA	NA	NA	NA	"cellular&nbsp;organisms>Bacteria>FCB&nbsp;group"
"Bacteroidetes"	"P"	976	6946	3113	2461	1953	6946	2391	1940	2489	1511	1900	2239	NA	NA	NA	NA	NA	NA	NA	NA	NA	NA	NA	"cellular&nbsp;organisms>Bacteria>FCB&nbsp;group>Bacteroidetes/Chlorobi&nbsp;group"
"Flavobacteriia"	"C"	117743	6946	3113	2461	1953	6946	2391	1940	2489	1511	1900	2239	NA	NA	NA	NA	NA	NA	NA	NA	NA	NA	NA	"cellular&nbsp;organisms>Bacteria>FCB&nbsp;group>Bacteroidetes/Chlorobi&nbsp;group>Bacteroidetes"
"Flavobacteriales"	"O"	200644	6946	3113	2461	1953	6946	2391	1940	2489	1511	1900	2239	NA	NA	NA	NA	NA	NA	NA	NA	NA	NA	NA	"cellular&nbsp;organisms>Bacteria>FCB&nbsp;group>Bacteroidetes/Chlorobi&nbsp;group>Bacteroidetes>Flavobacteriia"
"Weeksellaceae"	"F"	2762318	6946	3113	2461	1953	6946	2391	1940	2489	1511	1900	2239	NA	NA	NA	NA	NA	NA	NA	NA	NA	NA	NA	"cellular&nbsp;organisms>Bacteria>FCB&nbsp;group>Bacteroidetes/Chlorobi&nbsp;group>Bacteroidetes>Flavobacteriia>Flavobacteriales"
"Apibacter"	"G"	1778601	6946	3113	2461	1953	6946	2391	1940	2489	1511	1900	2239	2914	1873	1669	1111	2914	1592	1256	1606	825	1225	1481	"cellular&nbsp;organisms>Bacteria>FCB&nbsp;group>Bacteroidetes/Chlorobi&nbsp;group>Bacteroidetes>Flavobacteriia>Flavobacteriales>Weeksellaceae"
"Apibacter adventoris"	"S"	1679466	919	642	434	449	919	443	350	445	337	334	384	919	642	434	449	919	443	350	445	337	334	384	"cellular&nbsp;organisms>Bacteria>FCB&nbsp;group>Bacteroidetes/Chlorobi&nbsp;group>Bacteroidetes>Flavobacteriia>Flavobacteriales>Weeksellaceae>Apibacter"
"Apibacter mensalis"	"S"	1586267	1606	354	216	206	1606	222	199	277	198	184	249	1606	354	216	206	1606	222	199	277	198	184	249	"cellular&nbsp;organisms>Bacteria>FCB&nbsp;group>Bacteroidetes/Chlorobi&nbsp;group>Bacteroidetes>Flavobacteriia>Flavobacteriales>Weeksellaceae>Apibacter"
"unclassified Apibacter"	"-"	2630820	1507	244	142	187	1507	134	135	161	151	157	125	NA	NA	NA	NA	NA	NA	NA	NA	NA	NA	NA	"cellular&nbsp;organisms>Bacteria>FCB&nbsp;group>Bacteroidetes/Chlorobi&nbsp;group>Bacteroidetes>Flavobacteriia>Flavobacteriales>Weeksellaceae>Apibacter"
"Apibacter sp. wkB309"	"S"	1679467	1507	244	142	187	1507	134	135	161	151	157	125	1507	244	142	187	1507	134	135	161	151	157	125	"cellular&nbsp;organisms>Bacteria>FCB&nbsp;group>Bacteroidetes/Chlorobi&nbsp;group>Bacteroidetes>Flavobacteriia>Flavobacteriales>Weeksellaceae>Apibacter>unclassified&nbsp;Apibacter"
"Paenibacillus larvae subsp. larvae DSM 25430"	"-"	697284	2	NA	1	1	1	NA	1	NA	2	NA	NA	2	NA	1	1	1	NA	1	NA	2	NA	NA	"cellular&nbsp;organisms>Bacteria>Terrabacteria&nbsp;group>Firmicutes>Bacilli>Bacillales>Paenibacillaceae>Paenibacillus>Paenibacillus&nbsp;larvae>Paenibacillus&nbsp;larvae&nbsp;subsp.&nbsp;larvae"
"Melissococcus plutonius ATCC 35311"	"-"	940190	2	NA	NA	NA	NA	NA	NA	NA	2	NA	NA	2	NA	NA	NA	NA	NA	NA	NA	2	NA	NA	"cellular&nbsp;organisms>Bacteria>Terrabacteria&nbsp;group>Firmicutes>Bacilli>Lactobacillales>Enterococcaceae>Melissococcus>Melissococcus&nbsp;plutonius"
